rollno,name,fname,course,city,dob,s1,s2,s3,s4,s5
1,Asif,Asif,Blockchain,LHR,1970-10-25,92,81,99,25,19
2,Ali,Ali,DS,ISL,1981-07-16,10,88,82,95,79
3,Hamza,Junaid,DS,LHR,2014-04-26,63,12,52,62,39
4,Asif,Hamza,AI,LHR,1998-09-10,61,34,13,59,23
5,Ali,Ali,DS,KHI,1952-10-09,83,70,87,35,27
6,Asif,Asif,AI,LHR,1994-03-18,3,99,69,60,50
7,Ali,Asif,ML,,1950-10-17,45,4,22,78,3
8,Junaid,Asif,AI,LHR,2003-10-24,60,2,2,49,81
9,Junaid,Hamza,Blockchain,ISL,1951-09-07,51,73,86,46,82
10,Hamza,Junaid,ML,ISL,1969-07-30,46,37,12,74,48
11,Asif,Asif,AI,,1968-08-17,3,91,7,69,16
12,Hamza,Ali,Blockchain,ISL,1995-08-07,12,39,33,32,38
13,Ali,Asif,DS,ISL,1976-03-02,80,62,89,46,44
14,Ali,Asif,DS,ISL,1958-01-21,93,87,54,6,77
15,Junaid,Hamza,ML,KHI,1969-06-04,96,60,8,80,13
16,Asif,Junaid,Blockchain,,2004-05-24,33,11,82,10,68
17,Junaid,Asif,ML,KHI,1984-06-03,51,45,65,25,25
18,Ali,Junaid,ML,KHI,1987-05-29,11,72,75,31,55
19,Asif,Asif,DS,LHR,1992-07-05,99,24,7,92,98
20,Ali,Junaid,AI,LHR,2000-01-27,33,34,66,99,61
21,Hamza,Hamza,Blockchain,KHI,1967-03-22,93,80,25,57,76
22,Asif,Junaid,AI,,1966-10-02,22,13,83,53,63
23,Asif,Asif,DS,ISL,1994-09-10,43,97,16,67,14
24,Junaid,Junaid,AI,ISL,2002-09-15,54,31,61,55,98
25,Ali,Ali,Blockchain,LHR,2006-06-10,47,52,78,54,76
26,Ali,Asif,ML,,2001-06-22,9,16,95,20,50
27,Asif,Asif,Blockchain,,1982-07-19,43,69,82,66,59
28,Ali,Hamza,ML,KHI,1970-06-26,37,90,23,66,84
29,Ali,Junaid,AI,KHI,1960-03-28,4,22,84,97,2
30,Hamza,Ali,ML,KHI,1968-10-09,64,59,48,76,38
31,Ali,Asif,Blockchain,,1958-08-26,70,78,11,42,52
32,Junaid,Junaid,AI,,1977-02-09,22,30,72,59,35
33,Ali,Junaid,Blockchain,,1990-11-17,43,86,35,51,45
34,Ali,Hamza,Blockchain,KHI,1966-08-29,38,54,78,23,55
35,Ali,Hamza,ML,KHI,1989-06-19,2,15,24,41,61
36,Asif,Junaid,DS,ISL,1965-09-09,19,29,83,72,52
37,Hamza,Ali,AI,KHI,1971-03-05,70,21,86,72,24
38,Junaid,Ali,Blockchain,,1952-11-01,67,88,9,69,83
39,Asif,Junaid,AI,KHI,1957-01-23,50,88,17,22,75
40,Asif,Asif,Blockchain,ISL,1965-10-05,45,52,65,70,40
41,Ali,Junaid,DS,KHI,1957-07-17,59,60,18,97,83
42,Hamza,Junaid,Blockchain,ISL,2014-04-20,83,50,78,64,76
43,Asif,Junaid,Blockchain,ISL,1984-04-25,30,11,93,78,33
44,Hamza,Hamza,Blockchain,KHI,1977-08-11,7,8,1,29,77
45,Junaid,Junaid,Blockchain,ISL,2014-07-03,10,23,42,44,30
46,Ali,Junaid,Blockchain,,1972-03-08,12,44,90,57,40
47,Asif,Junaid,AI,LHR,2012-04-15,95,97,51,28,66
48,Asif,Hamza,ML,LHR,1951-11-27,47,52,98,41,40
49,Asif,Asif,ML,ISL,1975-10-21,70,18,74,81,45
50,Ali,Junaid,AI,LHR,1989-05-26,69,71,59,1,81
51,Junaid,Ali,DS,,2014-11-05,89,73,73,2,5
52,Hamza,Asif,AI,LHR,1955-01-09,4,36,35,57,94
53,Ali,Junaid,DS,KHI,2002-04-07,97,41,91,20,48
54,Asif,Ali,AI,KHI,1992-01-15,82,2,2,75,65
55,Ali,Asif,ML,ISL,1980-04-14,93,62,81,90,84
56,Junaid,Asif,Blockchain,,1963-08-03,5,22,76,13,30
57,Junaid,Asif,ML,ISL,1997-03-19,21,23,19,78,55
58,Ali,Asif,DS,,1951-09-27,85,80,25,48,34
59,Hamza,Asif,DS,LHR,1953-09-14,20,32,23,48,38
60,Asif,Hamza,AI,ISL,2009-08-11,90,91,75,15,56
61,Junaid,Ali,AI,,1984-11-10,78,52,97,63,51
62,Hamza,Junaid,AI,LHR,1957-11-16,81,40,6,45,29
63,Ali,Junaid,Blockchain,LHR,1950-01-24,41,8,3,79,33
64,Asif,Hamza,AI,LHR,2005-03-04,57,26,13,85,52
65,Junaid,Asif,AI,ISL,1950-05-03,40,46,42,70,54
66,Asif,Asif,Blockchain,LHR,2013-09-11,75,63,63,6,85
67,Asif,Hamza,Blockchain,,1961-05-26,82,31,53,72,52
68,Asif,Junaid,Blockchain,ISL,2007-06-21,30,50,12,64,46
69,Junaid,Ali,ML,ISL,1993-06-18,57,10,43,95,62
70,Junaid,Asif,DS,LHR,1984-09-03,96,38,19,67,13
71,Ali,Asif,AI,ISL,2004-09-13,46,19,27,99,38
72,Hamza,Ali,DS,ISL,1994-05-20,47,85,81,21,52
73,Ali,Hamza,AI,ISL,2001-05-12,14,92,68,41,62
74,Ali,Ali,ML,KHI,1950-09-05,65,21,39,31,2
75,Junaid,Hamza,DS,KHI,1977-05-13,84,10,52,34,58
76,Asif,Ali,Blockchain,KHI,2009-10-07,51,63,66,32,54
77,Asif,Junaid,AI,ISL,1991-06-07,85,32,27,25,85
78,Asif,Hamza,DS,LHR,1989-03-24,52,47,72,58,35
79,Ali,Asif,Blockchain,,1964-11-12,91,2,13,69,92
80,Junaid,Junaid,Blockchain,LHR,2002-04-03,45,88,55,94,89
81,Asif,Hamza,ML,LHR,2011-03-19,16,45,90,29,71
82,Asif,Junaid,DS,LHR,2005-08-16,25,53,92,22,79
83,Hamza,Ali,DS,ISL,1962-03-01,48,23,54,15,50
84,Ali,Hamza,ML,ISL,1985-10-13,78,50,38,20,47
85,Ali,Ali,Blockchain,LHR,1959-02-07,50,93,23,65,66
86,Ali,Junaid,ML,,1995-01-05,67,73,80,31,57
87,Junaid,Hamza,DS,LHR,1979-03-14,71,70,84,9,21
88,Junaid,Junaid,Blockchain,ISL,1973-04-02,3,28,20,18,37
89,Asif,Ali,Blockchain,,1996-05-02,96,63,41,1,43
90,Junaid,Junaid,AI,,1988-10-07,30,92,37,92,96
91,Hamza,Ali,AI,,2007-04-10,99,97,90,18,84
92,Hamza,Asif,Blockchain,ISL,1999-11-19,59,2,6,42,94
93,Junaid,Ali,AI,KHI,2009-04-05,32,11,30,61,26
94,Hamza,Ali,DS,KHI,1973-02-25,46,99,77,68,83
95,Hamza,Hamza,Blockchain,LHR,1979-06-02,99,60,29,92,72
96,Ali,Ali,Blockchain,LHR,1998-11-18,62,30,17,25,75
97,Ali,Junaid,DS,LHR,1950-09-23,49,98,71,55,99
98,Asif,Asif,DS,ISL,1964-01-13,21,56,25,15,95
99,Hamza,Junaid,Blockchain,,1955-04-22,57,86,58,25,74
100,Junaid,Ali,DS,ISL,1999-04-09,22,50,60,11,4
101,Ali,Asif,Blockchain,ISL,2000-06-27,68,97,76,32,29
102,Asif,Ali,AI,ISL,1954-10-18,39,49,59,33,68
103,Junaid,Asif,ML,KHI,1964-09-04,60,79,50,92,6
104,Asif,Ali,Blockchain,ISL,2003-10-19,31,39,69,29,2
105,Hamza,Junaid,AI,LHR,1977-01-27,63,64,32,29,97
106,Junaid,Ali,Blockchain,LHR,2000-04-15,67,82,96,48,37
107,Asif,Hamza,AI,ISL,2004-11-08,13,72,33,39,64
108,Asif,Ali,DS,KHI,1989-08-29,49,63,36,1,89
109,Asif,Asif,Blockchain,ISL,1967-10-30,12,65,80,44,43
110,Hamza,Asif,ML,KHI,1961-06-05,26,30,96,26,82
111,Junaid,Junaid,Blockchain,,1969-02-19,13,81,7,24,84
112,Asif,Ali,DS,LHR,1960-03-08,79,35,4,54,16
113,Asif,Ali,DS,KHI,1961-11-12,66,1,48,79,15
114,Asif,Hamza,ML,LHR,1974-03-18,60,68,49,2,17
115,Asif,Junaid,AI,ISL,2012-02-05,71,73,43,57,81
116,Junaid,Ali,DS,KHI,1960-10-25,49,65,86,36,36
117,Ali,Ali,DS,KHI,1996-09-16,52,5,30,22,55
118,Junaid,Ali,ML,KHI,1975-08-06,50,33,42,86,62
119,Ali,Ali,AI,KHI,2000-11-12,21,85,22,4,64
120,Asif,Junaid,ML,,1971-02-24,20,82,85,67,32
121,Asif,Asif,DS,ISL,2012-11-12,97,51,75,30,99
122,Junaid,Ali,ML,KHI,2002-05-11,12,95,5,46,26
123,Junaid,Junaid,DS,ISL,1998-04-15,12,67,19,68,87
124,Hamza,Junaid,ML,KHI,1971-02-26,19,95,69,74,1
125,Hamza,Ali,ML,ISL,1970-01-24,57,18,32,38,72
126,Hamza,Junaid,AI,,2014-06-24,11,32,7,78,57
127,Ali,Hamza,ML,LHR,2004-03-22,10,23,57,10,27
128,Hamza,Ali,DS,LHR,1987-04-25,44,76,21,49,44
129,Asif,Asif,AI,,1969-02-14,6,26,78,83,74
130,Hamza,Asif,DS,ISL,1981-02-11,65,15,28,21,77
131,Hamza,Asif,AI,LHR,1953-11-29,25,63,32,24,49
132,Junaid,Asif,Blockchain,LHR,2002-08-06,36,25,24,11,6
133,Ali,Asif,ML,LHR,1950-11-16,54,11,49,22,65
134,Junaid,Ali,AI,LHR,1975-01-17,52,34,99,40,76
135,Junaid,Asif,ML,KHI,2008-11-29,8,79,27,31,87
136,Junaid,Asif,Blockchain,ISL,1977-05-29,53,32,6,38,86
137,Hamza,Junaid,Blockchain,,1972-05-13,32,27,32,49,11
138,Junaid,Hamza,Blockchain,KHI,1994-05-07,82,95,11,34,86
139,Asif,Ali,Blockchain,ISL,1979-05-16,59,6,36,51,91
140,Ali,Junaid,DS,KHI,1995-02-18,10,39,17,63,43
141,Junaid,Asif,Blockchain,ISL,2011-06-05,75,24,21,65,51
142,Asif,Asif,Blockchain,LHR,1952-08-22,11,52,79,15,98
143,Ali,Junaid,ML,KHI,1970-03-30,79,97,27,35,9
144,Junaid,Ali,DS,LHR,2007-10-25,72,33,12,2,80
145,Asif,Junaid,DS,LHR,1956-01-21,1,32,74,55,74
146,Junaid,Junaid,AI,KHI,1981-08-24,65,48,52,98,30
147,Ali,Hamza,DS,KHI,1996-03-30,76,42,73,7,88
148,Hamza,Asif,AI,LHR,1963-04-05,67,11,22,32,37
149,Ali,Asif,Blockchain,KHI,1990-02-03,75,98,72,53,12
150,Hamza,Ali,Blockchain,LHR,2014-09-20,27,87,78,36,97
151,Junaid,Hamza,AI,KHI,2012-05-20,68,66,87,74,99
152,Ali,Asif,ML,LHR,2006-06-27,19,57,28,50,31
153,Ali,Junaid,DS,ISL,1998-04-07,6,45,79,34,85
154,Junaid,Junaid,AI,KHI,2003-09-01,61,92,69,48,48
155,Junaid,Asif,AI,,1969-06-07,32,67,62,87,90
156,Hamza,Asif,ML,ISL,1978-05-08,94,7,7,93,14
157,Hamza,Asif,Blockchain,KHI,1995-04-03,43,87,50,3,2
158,Hamza,Ali,Blockchain,LHR,1961-01-25,9,23,94,91,24
159,Asif,Ali,DS,LHR,1953-02-25,40,25,74,13,76
160,Hamza,Hamza,ML,,1992-08-26,10,56,98,92,45
161,Asif,Hamza,AI,LHR,2008-07-07,49,6,44,63,97
162,Asif,Ali,AI,ISL,1969-01-17,89,66,53,43,52
163,Ali,Ali,Blockchain,,1964-07-06,67,26,13,57,87
164,Ali,Junaid,AI,KHI,2002-05-14,96,97,78,33,34
165,Asif,Asif,Blockchain,KHI,2010-01-07,92,72,45,66,68
166,Ali,Asif,Blockchain,LHR,1971-10-12,67,89,96,72,85
167,Ali,Asif,DS,LHR,1997-11-10,73,80,59,64,28
168,Asif,Junaid,AI,,1963-11-11,39,65,21,97,96
169,Junaid,Ali,Blockchain,ISL,1988-04-11,52,52,46,5,79
170,Hamza,Hamza,AI,LHR,1955-11-03,92,49,34,30,27
171,Ali,Junaid,ML,KHI,1993-02-27,33,27,26,20,50
172,Junaid,Asif,DS,,1995-10-12,77,56,98,60,70
173,Ali,Junaid,DS,KHI,1968-08-20,90,14,36,9,57
174,Ali,Ali,DS,,1990-07-12,74,27,48,14,18
175,Asif,Ali,DS,ISL,2014-07-13,28,23,29,97,58
176,Junaid,Junaid,AI,,2012-01-27,98,41,63,73,63
177,Ali,Ali,DS,LHR,1967-02-06,17,75,67,42,67
178,Junaid,Junaid,Blockchain,ISL,1963-09-05,66,10,3,69,88
179,Junaid,Hamza,DS,ISL,1973-08-19,44,31,42,90,30
180,Ali,Hamza,DS,LHR,1976-01-01,27,36,1,12,80
181,Junaid,Asif,DS,,1982-04-15,73,91,67,64,7
182,Junaid,Hamza,DS,KHI,2004-08-28,28,17,49,54,68
183,Asif,Hamza,Blockchain,,1969-05-17,41,33,60,77,9
184,Junaid,Hamza,DS,LHR,1996-04-19,84,49,91,29,53
185,Ali,Hamza,AI,LHR,2009-06-30,14,59,91,92,16
186,Hamza,Junaid,ML,ISL,1990-06-24,32,42,38,54,98
187,Asif,Ali,ML,,1951-02-16,46,34,56,73,63
188,Junaid,Junaid,Blockchain,,1964-04-26,78,36,38,97,24
189,Junaid,Hamza,Blockchain,LHR,1968-05-18,40,54,93,63,74
190,Hamza,Asif,AI,KHI,2005-08-17,32,56,37,38,42
191,Junaid,Junaid,ML,ISL,2001-04-16,46,72,56,47,86
192,Asif,Hamza,DS,,1954-07-17,26,9,24,6,91
193,Ali,Asif,Blockchain,LHR,1995-03-09,48,57,96,81,82
194,Junaid,Asif,AI,,2004-02-16,55,40,39,79,85
195,Asif,Ali,ML,LHR,2009-02-02,24,97,62,2,7
196,Hamza,Hamza,DS,ISL,1978-05-04,97,25,70,40,39
197,Hamza,Junaid,ML,LHR,1980-04-03,72,82,13,82,49
198,Junaid,Ali,AI,,1975-02-27,14,3,16,75,43
199,Hamza,Asif,DS,LHR,1993-08-16,81,75,30,46,48
200,Junaid,Junaid,DS,KHI,1966-01-10,33,88,83,40,59
201,Ali,Junaid,AI,KHI,1960-05-06,43,63,24,98,55
202,Ali,Asif,AI,ISL,2014-07-19,69,62,61,57,62
203,Junaid,Ali,DS,ISL,1961-07-19,23,10,80,84,1
204,Ali,Hamza,Blockchain,,1962-04-07,95,99,48,94,20
205,Ali,Hamza,AI,,1996-09-09,90,87,50,40,50
206,Ali,Junaid,Blockchain,LHR,2000-06-09,84,20,27,41,23
207,Asif,Hamza,ML,ISL,1994-10-18,92,27,44,72,24
208,Junaid,Hamza,DS,KHI,1956-04-30,53,13,43,91,54
209,Junaid,Junaid,ML,LHR,1977-04-25,79,8,84,98,3
210,Junaid,Junaid,ML,,1990-11-16,40,45,13,25,39
211,Junaid,Asif,AI,ISL,2001-04-16,27,65,87,75,94
212,Asif,Hamza,Blockchain,KHI,1999-06-28,10,34,50,74,1
213,Junaid,Ali,DS,,1961-09-26,61,39,39,91,30
214,Ali,Asif,DS,KHI,1976-05-27,13,33,43,63,56
215,Junaid,Hamza,Blockchain,,2004-02-25,12,68,75,91,32
216,Ali,Asif,ML,,1994-03-07,59,56,14,42,45
217,Asif,Junaid,Blockchain,,1986-01-27,43,69,14,16,48
218,Hamza,Asif,ML,ISL,2011-03-20,72,87,71,10,69
219,Junaid,Asif,AI,LHR,1974-03-25,87,13,17,77,59
220,Hamza,Ali,AI,ISL,1962-03-27,66,23,63,81,69
221,Junaid,Junaid,Blockchain,LHR,1951-08-26,87,46,91,80,51
222,Junaid,Ali,ML,ISL,1959-06-06,44,41,58,64,18
223,Asif,Ali,Blockchain,KHI,1970-07-07,95,86,45,56,17
224,Ali,Ali,ML,ISL,2001-05-02,83,96,98,74,43
225,Asif,Hamza,AI,ISL,1953-05-18,10,37,24,86,55
226,Ali,Ali,Blockchain,ISL,1956-08-24,51,82,51,70,47
227,Ali,Asif,AI,,2011-05-23,94,31,94,63,6
228,Asif,Asif,AI,,1995-09-13,48,31,62,63,38
229,Hamza,Asif,Blockchain,KHI,1952-08-13,31,67,53,80,50
230,Asif,Hamza,Blockchain,,1957-08-20,33,57,31,18,55
231,Junaid,Ali,DS,ISL,1994-06-04,94,27,84,28,55
232,Ali,Asif,DS,,2009-01-16,80,50,80,54,16
233,Ali,Junaid,Blockchain,KHI,2006-02-18,52,34,5,39,68
234,Ali,Junaid,ML,LHR,1991-04-01,52,24,68,59,26
235,Junaid,Junaid,DS,LHR,1962-04-27,56,98,67,97,55
236,Ali,Ali,ML,,2010-09-08,85,44,73,52,65
237,Junaid,Ali,DS,LHR,1985-11-17,90,39,80,34,75
238,Ali,Asif,ML,,1965-10-30,65,35,10,35,24
239,Junaid,Asif,DS,LHR,1987-03-02,14,50,82,47,42
240,Junaid,Ali,Blockchain,ISL,1971-07-02,40,8,18,44,88
241,Ali,Junaid,AI,LHR,1956-09-06,49,79,83,43,32
242,Asif,Asif,DS,KHI,1993-10-27,13,15,60,62,93
243,Ali,Asif,ML,LHR,1994-08-24,81,17,5,52,56
244,Hamza,Asif,ML,,2013-01-26,83,58,6,93,85
245,Asif,Junaid,DS,,2001-06-02,45,59,68,38,32
246,Junaid,Hamza,Blockchain,KHI,1987-10-28,84,27,10,28,83
247,Junaid,Ali,Blockchain,LHR,1995-02-04,61,67,92,79,72
248,Ali,Ali,Blockchain,LHR,1965-04-09,42,98,40,38,78
249,Junaid,Ali,ML,,1957-04-12,17,75,56,70,61
250,Ali,Hamza,AI,ISL,1992-05-22,52,53,35,9,75
251,Hamza,Hamza,ML,,1961-05-01,43,21,6,54,38
252,Junaid,Hamza,DS,ISL,1976-03-28,18,68,6,24,55
253,Asif,Junaid,DS,ISL,2011-01-21,20,82,42,90,78
254,Ali,Hamza,Blockchain,KHI,1956-07-30,76,45,45,97,48
255,Hamza,Asif,ML,ISL,1952-10-27,68,77,2,59,16
256,Ali,Asif,AI,KHI,1964-08-23,86,54,94,3,8
257,Hamza,Junaid,ML,,1960-09-20,90,70,26,63,89
258,Asif,Asif,AI,LHR,1990-11-12,8,41,51,12,16
259,Asif,Hamza,DS,LHR,1992-05-26,29,91,41,65,98
260,Hamza,Hamza,DS,KHI,2013-07-08,65,42,36,70,6
261,Ali,Hamza,AI,,1965-01-23,90,4,33,58,52
262,Asif,Junaid,AI,LHR,1982-11-25,96,56,90,58,94
263,Asif,Ali,AI,ISL,1993-08-07,85,94,9,48,91
264,Ali,Hamza,DS,KHI,1963-01-22,98,66,98,61,57
265,Asif,Junaid,DS,ISL,1975-04-04,56,25,7,65,15
266,Ali,Junaid,ML,LHR,1997-02-24,21,45,65,18,7
267,Asif,Junaid,ML,KHI,1976-01-17,28,61,75,54,48
268,Asif,Hamza,ML,KHI,1961-03-07,56,80,86,42,50
269,Ali,Hamza,AI,,2013-08-05,68,39,82,89,50
270,Asif,Asif,AI,,1982-07-04,52,1,79,29,89
271,Hamza,Asif,DS,LHR,1991-11-16,77,90,29,38,92
272,Hamza,Hamza,AI,KHI,1977-11-03,31,34,91,89,53
273,Ali,Asif,Blockchain,ISL,2002-03-26,8,67,88,68,55
274,Junaid,Asif,ML,KHI,1990-08-07,50,6,52,51,75
275,Asif,Junaid,DS,ISL,2004-05-19,95,20,99,67,22
276,Hamza,Hamza,AI,KHI,1990-04-15,35,49,9,2,57
277,Asif,Ali,Blockchain,LHR,1995-02-03,37,28,53,90,39
278,Ali,Asif,DS,ISL,1973-10-26,89,47,46,46,48
279,Hamza,Ali,ML,,1996-01-11,25,1,90,99,32
280,Asif,Junaid,DS,ISL,1984-03-18,14,76,83,13,54
281,Hamza,Junaid,ML,KHI,2004-11-17,98,4,10,68,44
282,Hamza,Asif,DS,LHR,2001-08-17,45,49,43,17,4
283,Asif,Junaid,AI,,1973-11-10,27,96,32,15,46
284,Asif,Asif,Blockchain,,1967-03-11,70,37,77,8,5
285,Asif,Ali,AI,ISL,2000-03-07,86,80,39,60,32
286,Junaid,Ali,AI,,1987-09-12,92,68,35,22,5
287,Hamza,Junaid,Blockchain,ISL,1950-04-16,11,4,26,1,80
288,Ali,Asif,ML,,2010-02-02,43,91,16,53,4
289,Junaid,Hamza,DS,KHI,1998-05-30,6,14,10,87,48
290,Ali,Junaid,ML,,1966-03-17,26,32,32,3,30
291,Junaid,Asif,Blockchain,,2010-09-28,99,51,48,3,15
292,Ali,Asif,Blockchain,,1952-11-02,46,76,52,20,58
293,Junaid,Hamza,DS,LHR,1991-04-30,2,32,23,81,48
294,Hamza,Ali,DS,,2010-02-12,95,36,42,69,57
295,Asif,Hamza,AI,,1978-08-05,29,99,45,6,44
296,Ali,Junaid,AI,ISL,2014-06-21,44,79,13,71,73
297,Ali,Hamza,DS,LHR,1987-09-08,6,68,45,29,75
298,Ali,Hamza,ML,KHI,1982-05-16,10,1,31,25,47
299,Hamza,Asif,ML,,1991-10-28,94,19,11,44,62
300,Asif,Hamza,DS,KHI,2013-07-18,61,75,15,32,42
301,Ali,Asif,ML,KHI,1991-07-27,38,70,84,63,40
302,Hamza,Junaid,DS,ISL,1963-01-25,19,59,78,63,4
303,Asif,Ali,DS,KHI,1985-09-07,50,87,88,99,73
304,Junaid,Asif,Blockchain,KHI,2007-01-16,54,7,22,12,18
305,Asif,Asif,AI,ISL,2009-11-12,35,98,21,52,69
306,Junaid,Asif,ML,LHR,1959-09-06,43,45,29,93,74
307,Ali,Asif,AI,ISL,1988-02-01,97,97,5,82,92
308,Asif,Ali,Blockchain,,1972-08-18,47,96,65,92,36
309,Junaid,Ali,AI,LHR,2012-06-04,35,62,44,88,12
310,Ali,Hamza,ML,,1965-08-08,26,34,5,78,79
311,Ali,Hamza,ML,KHI,1999-06-07,8,79,31,24,17
312,Junaid,Hamza,AI,KHI,1963-07-25,13,11,91,18,39
313,Ali,Junaid,DS,,1992-04-29,15,10,99,33,68
314,Junaid,Asif,AI,,2001-06-30,30,39,38,75,68
315,Hamza,Junaid,AI,LHR,1987-05-07,70,84,98,56,53
316,Hamza,Junaid,ML,ISL,1956-10-30,31,46,82,74,6
317,Asif,Asif,Blockchain,KHI,1990-08-04,12,21,31,56,35
318,Ali,Hamza,AI,LHR,2012-09-27,99,53,14,43,44
319,Asif,Junaid,AI,LHR,1963-05-27,26,46,51,87,35
320,Asif,Hamza,DS,,1981-03-17,67,78,53,99,47
321,Ali,Ali,AI,LHR,1993-06-24,23,95,20,98,47
322,Junaid,Asif,Blockchain,LHR,1992-03-09,74,40,85,71,30
323,Asif,Asif,Blockchain,ISL,1982-01-23,55,33,10,39,44
324,Hamza,Junaid,AI,LHR,1978-01-04,26,93,95,76,34
325,Hamza,Hamza,DS,LHR,1982-07-07,42,64,79,94,38
326,Hamza,Asif,ML,LHR,1957-07-08,65,79,35,70,50
327,Asif,Hamza,AI,KHI,1950-08-13,68,71,67,63,37
328,Asif,Junaid,DS,LHR,1990-10-26,11,41,68,27,37
329,Ali,Hamza,AI,,1968-07-10,45,96,77,21,65
330,Asif,Junaid,DS,LHR,1965-10-23,6,15,25,9,52
331,Asif,Asif,Blockchain,KHI,1998-01-13,68,85,44,28,2
332,Asif,Junaid,AI,LHR,2005-05-27,21,85,33,59,63
333,Hamza,Hamza,Blockchain,,2006-07-21,50,58,27,78,27
334,Hamza,Hamza,Blockchain,ISL,1969-02-09,19,34,67,11,71
335,Hamza,Hamza,ML,KHI,1951-06-29,74,87,49,23,2
336,Asif,Hamza,DS,,1981-10-09,89,88,79,30,84
337,Junaid,Hamza,DS,ISL,1997-08-18,10,69,63,23,90
338,Asif,Asif,ML,,1979-11-01,80,66,71,27,57
339,Hamza,Junaid,DS,LHR,1965-01-25,48,48,39,74,31
340,Asif,Ali,ML,,1969-01-03,83,99,27,40,22
341,Asif,Junaid,AI,KHI,1970-01-09,79,20,87,84,92
342,Ali,Asif,ML,LHR,1972-07-02,78,87,52,33,85
343,Hamza,Asif,DS,,1992-09-22,95,60,12,24,75
344,Asif,Asif,ML,LHR,1999-02-03,40,48,73,34,40
345,Ali,Junaid,AI,,2001-03-07,85,43,34,80,28
346,Asif,Ali,AI,KHI,1992-03-27,94,59,48,92,92
347,Asif,Hamza,Blockchain,ISL,1971-05-20,96,45,55,30,15
348,Junaid,Hamza,Blockchain,KHI,1954-11-24,86,34,82,90,78
349,Junaid,Junaid,DS,,1993-05-20,71,59,23,66,58
350,Hamza,Ali,DS,ISL,1950-02-23,96,88,23,43,21
351,Hamza,Hamza,ML,KHI,1951-07-19,67,7,77,39,27
352,Ali,Asif,AI,KHI,1979-07-16,61,68,7,95,8
353,Junaid,Junaid,ML,LHR,1977-06-05,93,15,11,72,31
354,Junaid,Junaid,AI,LHR,1994-03-28,11,26,73,86,14
355,Ali,Ali,AI,ISL,1958-03-11,12,62,71,86,64
356,Ali,Junaid,Blockchain,KHI,1967-11-21,23,45,54,31,91
357,Junaid,Hamza,Blockchain,ISL,1999-06-22,68,44,70,18,30
358,Junaid,Hamza,Blockchain,ISL,2013-06-11,6,34,29,23,69
359,Asif,Hamza,ML,ISL,1986-01-15,7,79,30,13,70
360,Ali,Asif,Blockchain,KHI,1959-06-12,44,45,73,33,36
361,Ali,Asif,ML,ISL,2005-04-11,7,56,80,50,86
362,Asif,Asif,AI,ISL,1991-09-20,73,47,64,1,45
363,Junaid,Ali,ML,KHI,1960-11-16,21,63,17,22,90
364,Ali,Asif,AI,KHI,2005-10-05,84,53,69,35,6
365,Asif,Ali,ML,LHR,1998-11-06,78,10,78,39,96
366,Junaid,Ali,DS,,1965-09-13,19,61,90,80,83
367,Ali,Ali,Blockchain,LHR,1969-05-09,58,58,58,11,68
368,Asif,Junaid,ML,ISL,2002-04-04,76,19,47,2,21
369,Asif,Asif,ML,LHR,1981-11-30,55,97,8,26,5
370,Junaid,Asif,DS,LHR,1975-02-09,45,28,89,75,86
371,Ali,Ali,Blockchain,KHI,1971-06-22,50,71,73,34,59
372,Junaid,Junaid,Blockchain,KHI,1960-04-02,32,95,80,33,31
373,Hamza,Hamza,ML,ISL,1965-03-10,19,39,49,97,31
374,Junaid,Asif,ML,ISL,1968-09-19,65,46,96,28,13
375,Hamza,Hamza,Blockchain,KHI,1957-11-10,2,2,93,56,43
376,Asif,Junaid,Blockchain,KHI,1970-07-09,50,11,7,84,35
377,Ali,Hamza,ML,ISL,1960-02-09,41,13,74,7,85
378,Asif,Ali,Blockchain,LHR,1998-09-21,15,28,64,7,22
379,Junaid,Ali,DS,,1976-01-03,96,71,56,45,86
380,Asif,Junaid,DS,LHR,1954-04-30,63,53,30,92,42
381,Ali,Ali,ML,ISL,1990-07-12,58,67,33,5,7
382,Asif,Ali,AI,LHR,1971-04-05,70,41,98,30,66
383,Ali,Hamza,Blockchain,KHI,1991-05-26,12,38,90,8,75
384,Junaid,Ali,AI,LHR,1995-05-15,40,8,17,17,70
385,Hamza,Ali,Blockchain,LHR,1952-09-08,89,19,25,16,78
386,Hamza,Asif,Blockchain,KHI,2012-11-14,15,71,83,59,28
387,Ali,Ali,Blockchain,ISL,1977-08-18,40,72,54,87,92
388,Ali,Junaid,ML,ISL,2004-06-27,90,88,88,26,45
389,Hamza,Junaid,DS,,1982-06-19,18,90,17,57,12
390,Ali,Asif,Blockchain,LHR,2014-07-08,14,17,24,98,65
391,Ali,Ali,DS,,1967-08-08,86,28,51,8,5
392,Asif,Asif,DS,LHR,2004-03-03,41,77,83,30,43
393,Junaid,Asif,ML,KHI,2011-10-01,54,72,88,66,36
394,Hamza,Asif,Blockchain,LHR,1989-07-21,84,4,10,38,10
395,Asif,Hamza,Blockchain,ISL,1955-09-20,79,83,61,13,16
396,Hamza,Hamza,Blockchain,KHI,1954-02-19,9,65,26,65,37
397,Junaid,Junaid,DS,ISL,1950-05-07,68,57,89,96,55
398,Asif,Ali,AI,ISL,1966-05-18,79,41,89,84,86
399,Ali,Asif,AI,KHI,1982-06-25,61,99,76,70,22
400,Hamza,Ali,ML,ISL,1982-09-28,52,52,22,37,55
401,Ali,Hamza,ML,ISL,1983-08-06,91,63,54,12,2
402,Junaid,Junaid,AI,LHR,2005-05-19,40,81,99,55,25
403,Asif,Junaid,AI,KHI,1984-03-13,67,49,3,44,78
404,Junaid,Hamza,AI,KHI,1955-06-05,43,58,97,54,69
405,Junaid,Ali,ML,ISL,1951-11-12,87,64,17,13,88
406,Junaid,Ali,ML,KHI,1976-08-02,55,26,4,34,89
407,Junaid,Hamza,AI,KHI,1982-10-12,86,96,48,1,93
408,Hamza,Ali,AI,LHR,1975-10-08,65,93,69,62,95
409,Asif,Asif,Blockchain,LHR,1995-05-22,68,9,26,54,4
410,Junaid,Asif,Blockchain,KHI,1966-05-27,47,87,74,45,53
411,Asif,Ali,DS,KHI,1964-06-07,94,40,41,14,82
412,Ali,Asif,DS,,2011-01-14,16,4,86,53,52
413,Asif,Ali,Blockchain,,1957-01-23,13,78,2,10,45
414,Junaid,Asif,DS,KHI,2008-04-27,94,96,13,6,85
415,Junaid,Hamza,DS,,1996-07-02,27,56,46,20,58
416,Hamza,Hamza,DS,KHI,1987-06-02,71,13,44,28,20
417,Asif,Junaid,DS,,1967-08-22,36,81,54,51,29
418,Junaid,Ali,DS,KHI,1994-02-06,84,37,41,46,20
419,Ali,Hamza,ML,LHR,2000-06-19,89,73,60,91,50
420,Ali,Ali,Blockchain,ISL,1952-01-14,99,14,62,45,26
421,Asif,Junaid,AI,,1999-11-17,10,38,66,11,44
422,Asif,Asif,ML,ISL,1970-01-02,90,18,16,45,14
423,Junaid,Junaid,ML,,1957-01-27,27,70,41,80,78
424,Asif,Asif,Blockchain,,2003-11-10,81,37,22,84,83
425,Hamza,Ali,Blockchain,,2002-04-02,57,98,39,95,91
426,Asif,Asif,DS,ISL,1965-11-14,52,33,39,4,25
427,Ali,Asif,ML,,2001-02-07,70,59,71,53,88
428,Asif,Ali,ML,KHI,1954-03-13,33,27,9,9,2
429,Junaid,Junaid,Blockchain,KHI,2003-08-21,79,92,15,79,40
430,Hamza,Ali,Blockchain,ISL,1952-06-24,75,37,66,89,82
431,Junaid,Junaid,AI,ISL,1999-02-12,6,18,41,32,56
432,Junaid,Ali,DS,LHR,1952-07-01,44,86,31,30,29
433,Ali,Hamza,Blockchain,LHR,1961-05-16,45,76,28,13,15
434,Ali,Asif,DS,ISL,1962-03-24,99,83,51,20,41
435,Junaid,Junaid,AI,,1968-02-20,31,32,89,48,31
436,Junaid,Ali,ML,,1976-09-16,73,74,38,36,31
437,Hamza,Hamza,DS,LHR,2007-06-21,46,98,36,25,40
438,Hamza,Asif,ML,,2003-08-17,7,68,14,81,23
439,Junaid,Asif,AI,ISL,1954-04-14,64,49,33,53,91
440,Junaid,Asif,Blockchain,LHR,2013-01-28,58,7,42,29,70
441,Ali,Ali,ML,LHR,1992-04-05,95,40,47,70,6
442,Junaid,Asif,DS,ISL,1993-04-27,87,77,30,91,5
443,Junaid,Junaid,Blockchain,KHI,1979-06-17,9,31,4,82,93
444,Asif,Junaid,AI,KHI,1983-04-25,54,74,76,76,61
445,Hamza,Asif,DS,,1952-03-02,24,17,59,94,30
446,Hamza,Junaid,Blockchain,LHR,2009-03-30,92,40,65,54,1
447,Junaid,Ali,Blockchain,,1984-11-02,26,17,55,34,86
448,Hamza,Ali,Blockchain,ISL,2010-05-15,5,15,85,50,65
449,Junaid,Hamza,ML,LHR,1989-11-18,5,43,30,72,86
450,Hamza,Ali,Blockchain,LHR,1973-01-10,58,29,98,95,2
451,Hamza,Hamza,ML,KHI,1966-02-03,76,80,91,10,89
452,Ali,Asif,DS,KHI,1977-10-08,98,9,90,5,1
453,Asif,Junaid,Blockchain,ISL,2000-03-26,40,91,48,73,58
454,Junaid,Junaid,DS,ISL,1990-02-24,43,33,88,58,5
455,Hamza,Asif,DS,KHI,1963-03-14,40,62,38,88,71
456,Junaid,Asif,DS,KHI,1986-08-03,86,11,23,15,13
457,Hamza,Hamza,DS,LHR,1994-06-08,38,34,5,15,25
458,Asif,Hamza,AI,LHR,1979-06-16,11,58,14,46,15
459,Junaid,Hamza,AI,ISL,2004-05-27,92,60,3,31,45
460,Junaid,Asif,AI,,2012-07-07,40,44,75,21,13
461,Hamza,Hamza,Blockchain,LHR,1960-02-02,72,81,46,34,1
462,Ali,Junaid,Blockchain,LHR,2003-06-12,18,11,91,80,18
463,Hamza,Ali,DS,,2007-11-07,56,68,82,23,88
464,Junaid,Asif,Blockchain,,1994-02-27,73,49,86,97,14
465,Asif,Asif,ML,ISL,2003-04-06,15,34,37,3,49
466,Ali,Junaid,ML,LHR,1987-03-17,65,62,55,59,28
467,Hamza,Hamza,DS,KHI,2013-06-21,82,16,1,17,92
468,Asif,Ali,AI,LHR,1988-05-28,32,91,69,77,61
469,Ali,Ali,AI,ISL,1991-05-11,56,52,48,82,12
470,Asif,Ali,AI,KHI,1975-10-17,55,94,1,88,61
471,Ali,Junaid,ML,ISL,1986-03-17,29,90,97,33,58
472,Asif,Hamza,Blockchain,LHR,1982-11-24,12,50,2,15,23
473,Junaid,Junaid,ML,ISL,1974-05-18,63,70,75,63,47
474,Asif,Asif,ML,LHR,2013-01-30,93,56,24,96,75
475,Ali,Junaid,DS,,1972-03-12,84,82,7,84,83
476,Hamza,Asif,DS,,2010-11-25,66,96,39,2,56
477,Ali,Junaid,Blockchain,,1999-03-04,45,69,16,38,59
478,Ali,Asif,Blockchain,KHI,1991-10-04,96,54,85,30,31
479,Ali,Junaid,AI,ISL,1959-08-03,25,15,15,39,98
480,Ali,Hamza,AI,KHI,2000-06-14,44,98,68,94,78
481,Hamza,Ali,AI,KHI,2008-03-17,5,87,1,21,57
482,Asif,Ali,AI,KHI,1981-03-22,63,70,97,68,31
483,Junaid,Hamza,AI,,1977-05-20,35,16,72,28,80
484,Asif,Hamza,DS,LHR,1954-03-25,12,50,30,46,51
485,Asif,Junaid,Blockchain,ISL,2008-10-21,72,62,1,57,86
486,Asif,Asif,DS,KHI,2004-07-06,36,90,88,37,70
487,Ali,Junaid,ML,LHR,2010-04-11,12,48,65,14,35
488,Ali,Asif,ML,ISL,2013-09-15,2,48,13,41,17
489,Junaid,Asif,DS,ISL,2009-09-03,5,63,46,87,60
490,Asif,Ali,ML,,2011-11-19,55,14,86,23,21
491,Hamza,Hamza,DS,,1969-10-03,64,69,13,88,82
492,Asif,Asif,Blockchain,,1960-02-25,31,99,16,81,19
493,Ali,Ali,DS,LHR,1954-10-28,34,30,97,28,22
494,Hamza,Hamza,AI,KHI,1996-04-27,81,73,4,81,52
495,Hamza,Ali,AI,LHR,1968-03-12,18,36,47,55,27
496,Hamza,Ali,AI,KHI,1992-08-15,64,54,98,53,29
497,Junaid,Hamza,DS,LHR,1953-02-01,12,90,59,63,65
498,Ali,Asif,AI,LHR,2004-05-02,21,20,9,22,19
499,Asif,Asif,ML,ISL,1995-02-07,42,75,50,75,22
500,Ali,Hamza,AI,ISL,2004-07-30,96,41,92,96,61
501,Asif,Asif,DS,KHI,1961-07-12,25,77,67,34,98
502,Junaid,Asif,DS,,1960-02-16,77,44,14,54,15
503,Hamza,Junaid,DS,LHR,1970-01-22,61,9,48,23,44
504,Junaid,Asif,ML,ISL,1998-09-05,85,9,86,63,77
505,Asif,Ali,ML,KHI,2005-04-06,42,84,39,14,42
506,Ali,Asif,AI,,1975-04-23,32,99,39,76,63
507,Ali,Ali,ML,KHI,2002-02-13,34,25,48,65,61
508,Asif,Junaid,AI,,1955-04-06,23,48,28,93,16
509,Ali,Junaid,DS,,1998-03-15,58,92,40,21,96
510,Asif,Junaid,ML,ISL,1977-11-07,69,84,99,57,56
511,Ali,Hamza,AI,LHR,1970-07-22,75,67,62,35,99
512,Junaid,Hamza,ML,KHI,1975-11-29,37,95,45,84,92
513,Junaid,Ali,Blockchain,LHR,1958-08-27,18,3,16,67,38
514,Hamza,Hamza,DS,ISL,2013-06-24,48,15,18,30,16
515,Asif,Ali,DS,LHR,2011-02-01,84,18,79,34,32
516,Junaid,Ali,DS,LHR,1991-09-01,81,77,84,57,62
517,Ali,Junaid,AI,LHR,1981-10-30,25,30,71,98,41
518,Asif,Ali,DS,KHI,2001-11-16,27,46,32,89,60
519,Hamza,Junaid,DS,KHI,1985-07-29,11,15,5,16,76
520,Junaid,Junaid,AI,KHI,2000-03-25,33,37,35,35,96
521,Junaid,Ali,Blockchain,LHR,1971-01-09,72,85,73,41,52
522,Asif,Asif,AI,LHR,1993-11-22,82,57,54,61,24
523,Junaid,Junaid,Blockchain,ISL,1953-05-12,98,28,67,33,64
524,Junaid,Junaid,Blockchain,LHR,1953-05-08,93,21,47,10,86
525,Hamza,Junaid,AI,,1994-09-12,30,83,47,10,3
526,Hamza,Junaid,DS,LHR,1993-05-18,17,54,64,56,29
527,Asif,Junaid,ML,KHI,1986-05-16,84,43,43,94,62
528,Asif,Ali,AI,KHI,2012-10-05,54,63,92,58,1
529,Ali,Hamza,Blockchain,KHI,1992-09-27,2,10,99,9,63
530,Junaid,Junaid,Blockchain,,1995-11-29,86,67,90,12,53
531,Hamza,Asif,Blockchain,KHI,1997-04-01,89,97,50,9,85
532,Ali,Hamza,AI,KHI,1956-04-23,88,35,32,34,92
533,Asif,Hamza,DS,,2008-02-24,49,60,43,10,46
534,Asif,Asif,ML,KHI,2004-05-17,62,20,48,51,96
535,Junaid,Ali,Blockchain,ISL,1996-09-16,25,13,90,95,93
536,Hamza,Junaid,DS,,1959-04-23,39,55,91,42,48
537,Junaid,Hamza,DS,KHI,1967-09-06,39,88,29,54,38
538,Asif,Asif,DS,KHI,1951-07-11,13,54,22,90,73
539,Asif,Asif,DS,KHI,1988-09-18,67,40,84,51,72
540,Ali,Junaid,DS,LHR,2009-09-20,15,96,37,55,74
541,Ali,Junaid,AI,LHR,1967-03-07,55,35,49,96,62
542,Hamza,Asif,DS,,1992-04-28,52,19,8,62,40
543,Hamza,Asif,ML,,1970-08-25,19,97,92,92,73
544,Ali,Ali,AI,ISL,1973-04-22,85,93,88,91,6
545,Ali,Ali,ML,LHR,1997-06-18,8,74,20,33,96
546,Junaid,Hamza,AI,ISL,1955-11-04,13,42,5,10,62
547,Ali,Ali,AI,ISL,2012-06-04,78,74,10,64,80
548,Hamza,Junaid,AI,ISL,1978-05-25,68,71,94,60,21
549,Asif,Hamza,AI,LHR,1951-01-21,38,31,57,73,19
550,Junaid,Hamza,DS,,1952-10-03,44,83,33,58,77
551,Asif,Asif,Blockchain,KHI,1969-03-06,4,74,82,24,63
552,Junaid,Asif,AI,,1978-06-23,38,18,38,60,41
553,Hamza,Asif,ML,ISL,1997-09-30,19,97,53,60,84
554,Ali,Ali,AI,,1973-09-01,8,8,78,61,57
555,Hamza,Hamza,Blockchain,LHR,1992-04-29,49,13,24,37,28
556,Ali,Asif,ML,LHR,2002-06-20,52,5,60,69,61
557,Junaid,Ali,DS,ISL,1989-03-21,69,82,88,20,67
558,Ali,Ali,ML,ISL,2006-07-17,45,86,38,47,45
559,Asif,Asif,ML,LHR,2003-05-18,11,5,20,31,10
560,Hamza,Hamza,DS,LHR,1956-07-25,86,94,48,60,7
561,Ali,Hamza,ML,,1972-06-28,84,64,27,84,99
562,Asif,Ali,AI,KHI,1979-04-11,41,21,90,29,61
563,Junaid,Ali,AI,ISL,1970-11-09,18,97,37,51,76
564,Asif,Junaid,ML,KHI,2010-01-08,32,94,90,74,44
565,Hamza,Junaid,Blockchain,ISL,1967-02-20,10,48,64,41,88
566,Ali,Asif,Blockchain,LHR,1982-07-05,75,60,51,90,94
567,Hamza,Asif,AI,,1958-11-06,93,80,71,58,9
568,Hamza,Junaid,ML,,1972-03-23,5,57,15,24,15
569,Asif,Junaid,Blockchain,KHI,1977-11-05,25,56,33,19,29
570,Asif,Junaid,AI,KHI,1983-02-20,59,11,52,59,73
571,Junaid,Hamza,Blockchain,LHR,1961-03-14,96,80,67,54,78
572,Junaid,Asif,Blockchain,ISL,1981-08-27,3,33,96,9,74
573,Asif,Junaid,Blockchain,KHI,2012-05-16,71,66,83,47,63
574,Asif,Ali,AI,LHR,1962-06-25,2,81,82,53,69
575,Hamza,Ali,AI,,1972-09-01,65,98,46,57,38
576,Junaid,Asif,ML,LHR,1994-03-06,19,52,40,60,62
577,Junaid,Ali,Blockchain,LHR,1993-03-12,46,74,86,92,45
578,Junaid,Ali,ML,,1995-06-12,14,4,84,46,94
579,Hamza,Asif,ML,LHR,1989-11-08,48,76,40,73,92
580,Junaid,Asif,ML,ISL,1988-09-12,12,54,59,2,48
581,Asif,Ali,AI,KHI,1997-04-24,17,86,82,12,65
582,Hamza,Ali,Blockchain,KHI,1965-08-25,23,82,30,74,29
583,Hamza,Ali,DS,KHI,1952-01-05,76,71,23,53,22
584,Asif,Ali,AI,KHI,1960-11-12,97,96,32,58,58
585,Ali,Hamza,AI,,2014-04-14,64,13,31,68,21
586,Ali,Ali,AI,ISL,1953-11-02,62,89,29,1,67
587,Asif,Junaid,AI,ISL,1999-03-04,52,13,12,53,35
588,Asif,Ali,AI,KHI,1976-06-13,99,51,18,69,16
589,Ali,Hamza,Blockchain,LHR,1950-10-23,94,64,41,3,90
590,Junaid,Junaid,Blockchain,KHI,1951-05-03,34,89,36,14,42
591,Hamza,Ali,AI,,2005-01-21,57,77,23,63,60
592,Ali,Junaid,DS,,1996-07-18,61,16,89,27,52
593,Asif,Junaid,Blockchain,,2004-03-02,86,61,76,30,5
594,Junaid,Asif,AI,,1965-01-25,81,16,4,50,35
595,Ali,Asif,DS,,1974-05-12,47,96,79,84,64
596,Junaid,Junaid,AI,,2004-05-17,72,14,71,99,87
597,Junaid,Ali,Blockchain,,2011-04-26,76,29,91,30,62
598,Asif,Asif,AI,LHR,2011-04-26,44,82,96,49,40
599,Asif,Hamza,AI,LHR,1956-02-21,49,80,99,61,64
600,Junaid,Asif,AI,,2005-11-12,26,45,71,96,10
601,Hamza,Junaid,AI,LHR,1977-03-02,63,46,94,95,89
602,Hamza,Asif,Blockchain,,1981-09-19,89,14,27,56,48
603,Junaid,Hamza,Blockchain,,1962-10-17,43,98,28,46,15
604,Hamza,Asif,DS,KHI,1966-08-04,74,85,98,20,49
605,Asif,Asif,AI,,2010-10-29,73,50,87,62,42
606,Asif,Hamza,AI,KHI,1965-03-03,31,24,30,66,64
607,Asif,Ali,ML,ISL,1984-11-04,96,32,14,48,15
608,Junaid,Ali,ML,KHI,2000-07-29,8,42,95,79,44
609,Junaid,Hamza,ML,LHR,1972-03-03,43,11,48,25,56
610,Ali,Ali,ML,LHR,1960-04-06,71,66,14,28,61
611,Hamza,Ali,DS,LHR,1979-01-15,31,16,11,18,94
612,Asif,Hamza,ML,KHI,1980-10-23,88,79,28,99,8
613,Asif,Hamza,AI,ISL,1988-11-05,35,1,82,78,28
614,Junaid,Junaid,DS,LHR,2007-03-17,69,79,56,70,59
615,Asif,Asif,Blockchain,LHR,2009-01-26,62,68,84,56,26
616,Asif,Ali,AI,KHI,2001-06-21,7,41,86,8,79
617,Ali,Junaid,Blockchain,,1955-10-26,41,86,30,25,80
618,Hamza,Ali,DS,LHR,1978-09-15,97,55,43,35,95
619,Asif,Ali,DS,KHI,1961-09-29,62,96,68,77,5
620,Junaid,Asif,DS,,1982-01-17,60,45,37,93,12
621,Hamza,Asif,DS,LHR,1966-11-30,95,81,27,26,84
622,Junaid,Junaid,AI,KHI,1952-04-25,89,84,45,66,28
623,Junaid,Ali,Blockchain,,1985-05-04,91,72,17,90,7
624,Junaid,Hamza,AI,ISL,1961-08-30,65,69,37,55,7
625,Junaid,Ali,AI,,1975-09-23,52,46,31,8,92
626,Junaid,Asif,ML,,1969-10-12,80,46,31,29,53
627,Asif,Ali,DS,KHI,1988-03-19,50,5,1,3,74
628,Ali,Ali,Blockchain,ISL,2010-09-17,29,25,27,88,19
629,Hamza,Hamza,ML,LHR,1977-05-12,9,27,19,35,17
630,Ali,Ali,Blockchain,ISL,1963-09-06,92,82,44,26,42
631,Asif,Asif,DS,KHI,2009-04-10,64,23,64,57,80
632,Asif,Asif,ML,KHI,1961-11-27,53,37,67,46,85
633,Hamza,Junaid,AI,ISL,1983-07-21,88,25,36,51,94
634,Asif,Junaid,AI,,1992-10-30,72,17,69,98,60
635,Ali,Asif,DS,,1997-09-04,82,32,6,40,16
636,Asif,Ali,ML,ISL,1999-05-19,74,26,45,44,46
637,Ali,Asif,AI,KHI,2002-02-01,2,86,65,5,30
638,Hamza,Junaid,Blockchain,,1964-10-13,97,49,28,39,75
639,Hamza,Asif,ML,,1994-07-17,89,47,8,52,18
640,Ali,Ali,AI,LHR,1981-05-09,23,24,3,37,70
641,Junaid,Asif,Blockchain,LHR,1961-03-18,33,24,65,41,37
642,Junaid,Ali,ML,KHI,2011-08-26,9,52,2,61,73
643,Hamza,Junaid,ML,ISL,2000-11-18,41,84,2,40,5
644,Hamza,Asif,DS,,1987-08-12,37,26,12,93,48
645,Asif,Ali,ML,LHR,1976-02-16,23,20,45,96,34
646,Asif,Junaid,Blockchain,KHI,1966-04-22,53,71,95,45,64
647,Hamza,Hamza,DS,,1998-07-17,33,32,50,97,25
648,Asif,Asif,Blockchain,,1983-04-10,60,75,77,20,34
649,Asif,Junaid,ML,KHI,2006-10-23,87,19,14,51,97
650,Asif,Junaid,AI,ISL,1960-02-26,41,14,92,89,56
651,Hamza,Hamza,ML,,1970-03-07,9,20,90,23,37
652,Junaid,Hamza,ML,KHI,1968-01-28,61,34,77,28,33
653,Junaid,Hamza,Blockchain,,2009-11-21,43,3,63,95,11
654,Asif,Hamza,ML,,2003-08-12,29,15,29,33,27
655,Junaid,Ali,ML,KHI,1977-08-02,57,88,74,95,43
656,Junaid,Asif,ML,ISL,1962-01-21,36,10,27,95,58
657,Asif,Hamza,DS,LHR,1966-08-15,93,48,14,91,86
658,Ali,Asif,DS,LHR,1992-08-28,26,29,55,43,77
659,Asif,Junaid,ML,LHR,1987-02-16,81,53,29,43,78
660,Hamza,Ali,DS,LHR,2003-07-28,46,18,61,98,15
661,Ali,Hamza,DS,LHR,1989-03-27,30,56,57,77,49
662,Ali,Asif,DS,,1982-08-27,86,59,15,88,9
663,Hamza,Asif,Blockchain,,1990-07-15,51,71,33,32,61
664,Asif,Junaid,ML,LHR,1971-04-20,22,9,60,22,67
665,Ali,Junaid,DS,ISL,1969-06-26,79,7,61,74,26
666,Hamza,Asif,AI,LHR,1976-11-03,28,6,20,22,76
667,Asif,Asif,ML,KHI,1966-01-29,52,77,15,36,2
668,Ali,Junaid,ML,,1952-11-22,30,38,21,41,1
669,Hamza,Asif,Blockchain,KHI,2008-09-16,74,87,94,26,15
670,Junaid,Asif,DS,,1974-08-29,8,75,75,17,25
671,Asif,Junaid,ML,ISL,1995-08-04,8,58,96,75,72
672,Asif,Ali,Blockchain,,1996-11-18,66,22,69,34,89
673,Junaid,Asif,DS,KHI,1980-07-29,21,81,43,42,87
674,Junaid,Asif,AI,LHR,1972-02-04,34,63,41,63,7
675,Hamza,Junaid,AI,ISL,1991-09-04,63,13,56,9,54
676,Ali,Ali,DS,,1962-11-08,70,91,78,48,67
677,Hamza,Ali,ML,,1970-01-02,20,77,10,37,73
678,Asif,Ali,DS,LHR,2014-08-22,3,82,98,55,3
679,Ali,Ali,AI,KHI,1952-08-30,30,73,88,29,72
680,Hamza,Asif,DS,,1962-01-08,77,15,94,11,5
681,Asif,Asif,DS,,2012-11-30,87,69,12,29,98
682,Asif,Hamza,Blockchain,KHI,1951-01-03,19,25,81,15,23
683,Asif,Hamza,ML,ISL,1954-01-14,22,63,59,38,17
684,Asif,Hamza,AI,LHR,1950-04-04,20,90,26,94,3
685,Asif,Junaid,ML,ISL,1959-01-21,4,64,78,3,76
686,Ali,Asif,ML,LHR,1981-08-18,12,86,43,87,70
687,Hamza,Hamza,DS,,2008-03-28,60,57,40,49,26
688,Ali,Ali,Blockchain,KHI,1973-09-14,1,56,31,98,57
689,Hamza,Ali,AI,LHR,2004-02-15,43,63,32,5,85
690,Hamza,Hamza,DS,LHR,1955-03-18,98,27,21,33,69
691,Junaid,Junaid,Blockchain,LHR,1987-04-13,64,22,27,81,82
692,Junaid,Junaid,ML,,1967-11-05,41,60,77,98,16
693,Asif,Hamza,ML,ISL,2006-09-17,16,71,12,6,62
694,Junaid,Junaid,DS,,1971-04-25,78,62,52,25,62
695,Asif,Asif,AI,LHR,2013-08-22,82,89,62,26,20
696,Asif,Asif,ML,LHR,1993-03-14,53,85,83,95,24
697,Ali,Ali,ML,ISL,1964-06-19,79,44,27,60,53
698,Ali,Junaid,ML,,1980-02-17,22,93,29,82,58
699,Asif,Asif,DS,KHI,1977-10-03,70,47,52,94,99
700,Asif,Asif,DS,,1950-06-18,88,1,97,51,32
701,Asif,Hamza,ML,LHR,1990-02-27,92,80,4,93,73
702,Junaid,Asif,AI,KHI,1958-08-28,75,6,80,68,77
703,Hamza,Ali,DS,ISL,1998-08-15,16,3,51,74,38
704,Hamza,Ali,ML,LHR,1994-08-07,16,58,43,76,71
705,Ali,Ali,Blockchain,KHI,2001-05-13,9,96,45,50,26
706,Hamza,Junaid,AI,,1996-02-04,40,55,33,47,70
707,Junaid,Junaid,ML,LHR,1981-02-12,89,49,49,98,98
708,Hamza,Asif,Blockchain,,1992-01-09,25,46,6,80,67
709,Asif,Junaid,ML,LHR,2004-02-27,63,80,86,40,40
710,Ali,Junaid,ML,KHI,1982-11-17,24,88,54,73,53
711,Ali,Hamza,AI,,1972-09-17,19,77,17,78,73
712,Hamza,Ali,AI,,1963-11-01,80,89,35,51,21
713,Hamza,Hamza,ML,,2005-06-12,59,57,90,85,39
714,Ali,Ali,DS,ISL,1997-07-16,81,2,14,42,58
715,Junaid,Ali,DS,LHR,1966-09-06,78,30,93,20,98
716,Asif,Hamza,DS,ISL,1997-10-13,85,63,75,91,20
717,Ali,Ali,Blockchain,,2001-04-08,50,13,89,24,92
718,Asif,Asif,ML,,1983-02-26,65,71,20,41,17
719,Hamza,Hamza,AI,,1954-03-01,40,67,77,1,1
720,Ali,Hamza,AI,,1983-11-05,98,49,59,58,56
721,Asif,Hamza,ML,ISL,1989-10-10,75,77,49,31,59
722,Hamza,Hamza,ML,LHR,1959-04-26,4,26,26,4,73
723,Ali,Junaid,ML,,1957-04-09,36,81,86,55,15
724,Asif,Junaid,Blockchain,LHR,2007-01-13,30,13,35,90,39
725,Junaid,Junaid,ML,LHR,2014-06-19,65,71,22,2,60
726,Ali,Junaid,AI,ISL,2009-09-08,52,96,50,38,27
727,Asif,Ali,ML,LHR,1957-10-19,34,27,62,77,87
728,Ali,Hamza,AI,,2003-02-08,94,23,99,73,16
729,Ali,Ali,ML,KHI,1961-03-03,59,16,56,73,94
730,Ali,Asif,DS,,1972-03-12,30,2,67,11,76
731,Hamza,Ali,ML,,2003-10-20,35,79,42,70,7
732,Hamza,Junaid,ML,KHI,1973-08-26,98,6,50,77,71
733,Ali,Hamza,ML,,2002-09-03,39,98,50,98,70
734,Hamza,Asif,Blockchain,,1974-08-07,64,91,44,80,63
735,Ali,Asif,Blockchain,ISL,1990-08-02,50,63,81,24,99
736,Ali,Hamza,DS,,1971-03-12,73,44,5,52,45
737,Asif,Asif,ML,,1950-01-30,2,98,78,18,17
738,Ali,Asif,ML,KHI,1982-03-28,40,17,43,82,92
739,Ali,Asif,Blockchain,KHI,1984-11-03,38,72,45,25,15
740,Junaid,Asif,ML,KHI,1992-05-18,2,60,84,76,7
741,Junaid,Asif,Blockchain,LHR,1964-04-01,17,16,68,72,51
742,Junaid,Junaid,DS,KHI,1962-03-20,71,54,55,78,43
743,Hamza,Ali,Blockchain,KHI,1988-10-21,49,65,7,90,59
744,Junaid,Junaid,AI,KHI,1993-03-18,58,85,16,16,23
745,Ali,Asif,Blockchain,ISL,1969-05-10,73,41,10,37,3
746,Ali,Asif,DS,ISL,1978-01-27,71,85,59,68,46
747,Hamza,Asif,Blockchain,LHR,1976-03-22,80,42,59,24,66
748,Asif,Junaid,DS,ISL,1999-01-20,68,41,55,50,19
749,Hamza,Junaid,ML,KHI,2011-07-11,49,95,64,47,98
750,Asif,Junaid,ML,LHR,1973-08-24,39,91,19,9,56
751,Hamza,Hamza,Blockchain,LHR,1964-07-11,99,87,92,46,83
752,Ali,Asif,ML,ISL,1991-07-17,54,11,60,17,39
753,Hamza,Ali,ML,,1983-08-08,56,9,10,14,71
754,Asif,Junaid,AI,KHI,1957-05-02,65,80,10,36,91
755,Junaid,Ali,Blockchain,ISL,1977-07-12,99,29,46,69,50
756,Junaid,Asif,AI,,1976-03-05,27,39,61,75,24
757,Hamza,Asif,AI,KHI,2013-02-25,83,32,63,18,37
758,Junaid,Junaid,AI,,2002-10-18,69,98,41,46,64
759,Asif,Ali,ML,,1950-01-21,58,26,97,18,39
760,Ali,Junaid,Blockchain,LHR,1977-10-13,47,82,24,22,12
761,Asif,Junaid,AI,LHR,2012-02-15,90,5,67,4,13
762,Junaid,Hamza,DS,,1965-04-28,25,9,85,53,18
763,Asif,Hamza,Blockchain,ISL,1952-01-22,7,66,26,8,60
764,Asif,Hamza,ML,ISL,2000-10-25,1,28,46,46,48
765,Hamza,Ali,DS,,2002-09-30,40,1,43,89,14
766,Junaid,Ali,Blockchain,LHR,2000-07-20,16,69,42,55,52
767,Asif,Ali,AI,,2006-04-16,20,8,27,32,23
768,Junaid,Ali,Blockchain,ISL,1998-09-15,90,77,94,39,22
769,Ali,Ali,AI,,1984-07-07,80,87,8,22,27
770,Junaid,Ali,AI,,1982-02-19,52,16,42,19,47
771,Asif,Hamza,DS,,1980-08-07,3,67,92,73,68
772,Hamza,Hamza,Blockchain,,1992-04-21,27,99,89,49,48
773,Junaid,Junaid,ML,,2007-07-05,21,41,62,54,52
774,Ali,Junaid,DS,ISL,1990-11-02,11,22,94,87,73
775,Junaid,Junaid,DS,ISL,1979-05-15,34,9,3,4,86
776,Junaid,Junaid,Blockchain,ISL,2013-10-30,96,50,21,98,92
777,Asif,Junaid,Blockchain,ISL,1963-04-12,29,90,1,65,28
778,Junaid,Asif,Blockchain,,1986-08-16,51,29,23,21,66
779,Ali,Hamza,Blockchain,,1955-11-02,34,30,46,83,23
780,Hamza,Ali,ML,LHR,1967-08-15,42,26,37,71,98
781,Ali,Ali,AI,ISL,1990-06-03,29,95,1,11,47
782,Asif,Junaid,DS,LHR,2005-03-18,87,59,36,50,97
783,Ali,Asif,ML,ISL,1969-02-25,83,76,5,85,23
784,Hamza,Junaid,Blockchain,LHR,2006-06-28,8,2,85,77,97
785,Junaid,Hamza,ML,ISL,1993-11-27,41,63,69,7,58
786,Junaid,Junaid,Blockchain,LHR,2004-11-04,9,92,70,55,71
787,Hamza,Asif,AI,,1960-01-12,11,85,8,14,52
788,Junaid,Asif,DS,,1992-03-21,82,54,11,22,42
789,Junaid,Ali,ML,LHR,2001-01-07,68,60,71,36,65
790,Asif,Ali,DS,LHR,1984-06-18,80,99,87,36,1
791,Junaid,Ali,ML,LHR,1979-09-22,19,37,90,34,15
792,Asif,Asif,ML,KHI,2011-04-20,12,86,85,67,32
793,Junaid,Junaid,ML,KHI,1999-05-04,3,58,84,41,11
794,Ali,Asif,DS,LHR,1986-04-17,49,6,68,95,60
795,Junaid,Ali,ML,ISL,1950-10-08,86,84,23,31,95
796,Asif,Junaid,DS,,2014-11-14,34,21,65,38,22
797,Asif,Hamza,ML,ISL,2012-08-02,86,88,40,95,71
798,Hamza,Junaid,AI,LHR,1953-08-17,18,95,82,28,5
799,Hamza,Junaid,DS,,1951-11-24,50,87,31,68,64
800,Hamza,Asif,DS,ISL,1964-08-03,62,5,62,81,34
801,Hamza,Junaid,AI,,1953-11-24,30,35,35,47,48
802,Asif,Ali,ML,,1994-08-29,70,97,63,87,80
803,Asif,Ali,Blockchain,LHR,1978-06-06,4,28,27,65,73
804,Hamza,Hamza,ML,ISL,1950-08-25,21,92,23,83,72
805,Junaid,Asif,ML,,2012-08-01,65,88,41,28,38
806,Asif,Junaid,Blockchain,KHI,1990-02-13,53,9,41,36,22
807,Hamza,Junaid,ML,LHR,1983-01-05,50,11,27,42,26
808,Asif,Ali,DS,ISL,1976-07-07,17,6,24,66,62
809,Asif,Asif,Blockchain,KHI,1995-05-24,53,7,52,90,22
810,Asif,Ali,Blockchain,LHR,2012-08-16,35,20,32,46,60
811,Asif,Hamza,DS,,1982-01-02,74,14,37,74,27
812,Junaid,Hamza,DS,LHR,1952-06-13,99,11,39,59,90
813,Junaid,Ali,Blockchain,,1955-07-20,34,85,8,29,69
814,Hamza,Ali,ML,,1985-04-20,19,53,65,54,62
815,Junaid,Ali,Blockchain,LHR,1950-07-23,97,33,11,39,64
816,Junaid,Hamza,Blockchain,LHR,2012-11-09,64,39,97,84,15
817,Junaid,Hamza,AI,LHR,1953-05-29,18,62,82,33,8
818,Ali,Hamza,DS,KHI,2013-09-11,95,23,70,5,58
819,Hamza,Asif,ML,ISL,1953-11-01,97,67,80,69,77
820,Asif,Junaid,DS,LHR,1992-02-06,40,47,98,93,80
821,Junaid,Hamza,DS,,1992-10-18,7,87,85,40,57
822,Asif,Hamza,ML,ISL,1978-03-05,75,21,49,1,4
823,Junaid,Junaid,Blockchain,ISL,1981-06-04,94,52,11,86,63
824,Junaid,Asif,ML,KHI,2001-08-04,60,81,46,7,74
825,Junaid,Ali,Blockchain,ISL,1963-02-05,66,83,20,53,10
826,Hamza,Hamza,ML,ISL,1997-02-10,26,46,66,76,83
827,Junaid,Junaid,Blockchain,KHI,1964-02-19,7,79,41,14,64
828,Asif,Junaid,Blockchain,,2003-01-10,31,15,58,51,70
829,Hamza,Junaid,AI,KHI,1961-11-30,8,48,97,32,90
830,Hamza,Junaid,ML,ISL,2006-08-05,31,87,69,10,37
831,Ali,Asif,ML,LHR,1999-06-20,70,4,14,64,91
832,Hamza,Junaid,AI,LHR,1964-10-03,63,62,44,13,26
833,Ali,Junaid,DS,KHI,1984-09-10,74,40,91,35,45
834,Ali,Hamza,DS,,1970-08-08,92,59,85,76,98
835,Hamza,Junaid,DS,LHR,2014-07-01,89,18,11,17,16
836,Ali,Asif,DS,,1997-06-21,94,45,99,89,67
837,Junaid,Asif,ML,ISL,1966-04-19,86,95,22,12,4
838,Asif,Junaid,ML,LHR,2000-10-07,32,79,99,93,73
839,Asif,Ali,AI,,1983-01-16,64,6,92,36,56
840,Ali,Asif,AI,LHR,2010-09-09,20,29,14,59,56
841,Asif,Ali,DS,,2012-09-11,56,46,22,82,31
842,Ali,Hamza,ML,LHR,2011-09-15,36,41,99,28,10
843,Ali,Junaid,DS,ISL,2008-09-17,59,43,38,4,13
844,Hamza,Asif,Blockchain,KHI,2006-09-12,33,38,48,67,82
845,Ali,Ali,DS,KHI,2000-05-14,39,78,41,55,89
846,Ali,Asif,Blockchain,ISL,1951-05-26,66,51,81,42,33
847,Asif,Hamza,AI,KHI,1966-08-19,8,27,61,16,15
848,Ali,Asif,DS,,2006-09-25,73,85,78,20,38
849,Junaid,Ali,ML,,1970-10-26,88,81,17,57,21
850,Hamza,Ali,Blockchain,,1993-01-24,38,50,74,35,41
851,Ali,Junaid,DS,,1968-02-26,92,50,51,40,8
852,Asif,Ali,DS,ISL,2007-02-22,4,94,30,56,49
853,Ali,Hamza,Blockchain,LHR,1973-07-07,2,78,40,33,85
854,Asif,Junaid,DS,,1981-03-02,8,30,3,19,52
855,Junaid,Hamza,ML,KHI,1972-05-27,74,22,66,75,41
856,Hamza,Ali,DS,KHI,2009-03-01,28,64,82,71,70
857,Ali,Ali,DS,ISL,1990-06-09,74,94,44,86,64
858,Ali,Junaid,AI,KHI,1963-03-08,80,27,3,65,36
859,Hamza,Hamza,DS,ISL,1972-01-22,61,52,52,54,39
860,Ali,Junaid,Blockchain,ISL,1959-03-04,82,95,67,73,38
861,Ali,Asif,AI,ISL,1958-07-03,30,91,96,65,68
862,Hamza,Hamza,ML,KHI,1954-08-23,40,69,88,3,21
863,Ali,Asif,ML,ISL,2008-10-28,45,95,20,71,40
864,Ali,Ali,ML,ISL,1950-11-15,15,23,19,18,83
865,Ali,Ali,ML,ISL,1966-02-14,28,50,28,62,74
866,Ali,Hamza,AI,KHI,1987-05-04,94,61,49,33,68
867,Junaid,Junaid,AI,,1997-05-24,14,90,61,17,60
868,Ali,Ali,AI,,1983-11-08,64,17,30,95,61
869,Hamza,Asif,AI,KHI,2002-02-15,58,21,82,5,6
870,Asif,Asif,ML,ISL,1968-02-10,18,79,90,62,87
871,Asif,Hamza,ML,KHI,1956-07-10,73,44,11,71,66
872,Ali,Hamza,ML,LHR,1973-10-15,54,87,35,55,6
873,Junaid,Junaid,ML,ISL,2011-03-21,90,9,76,3,16
874,Junaid,Junaid,AI,ISL,1981-08-11,77,28,95,64,18
875,Asif,Asif,Blockchain,,1955-10-07,63,46,21,42,5
876,Hamza,Junaid,DS,ISL,2013-03-08,83,77,50,14,89
877,Junaid,Asif,AI,,1983-09-15,54,1,84,39,44
878,Asif,Hamza,AI,,1982-09-27,21,83,86,10,35
879,Asif,Asif,DS,,1955-10-25,9,38,31,40,40
880,Hamza,Ali,ML,LHR,1983-01-02,76,19,93,66,26
881,Ali,Junaid,AI,,1989-02-07,49,50,62,9,15
882,Ali,Ali,Blockchain,LHR,1993-06-11,40,56,94,93,88
883,Ali,Ali,DS,LHR,2013-06-18,12,74,42,23,5
884,Hamza,Ali,DS,LHR,1954-07-16,78,60,30,9,34
885,Junaid,Hamza,DS,LHR,1973-02-01,73,49,68,42,96
886,Hamza,Asif,AI,KHI,1976-11-30,53,51,43,30,87
887,Asif,Hamza,DS,KHI,1996-06-10,64,6,27,71,4
888,Asif,Junaid,DS,,2003-03-14,33,25,86,17,98
889,Junaid,Junaid,ML,,1975-04-11,15,94,27,91,60
890,Junaid,Ali,Blockchain,ISL,1981-07-07,59,45,71,17,70
891,Ali,Asif,DS,KHI,1996-04-23,80,28,37,20,90
892,Asif,Asif,DS,KHI,1991-03-30,31,44,55,26,27
893,Asif,Junaid,DS,LHR,1963-05-28,51,75,24,72,54
894,Hamza,Junaid,AI,LHR,2000-11-20,43,74,1,47,19
895,Asif,Ali,Blockchain,ISL,1958-03-20,9,5,15,43,75
896,Junaid,Hamza,AI,LHR,1964-03-17,90,25,37,30,94
897,Junaid,Junaid,AI,KHI,1972-11-14,54,8,15,20,23
898,Asif,Ali,AI,KHI,1973-01-26,71,24,80,82,67
899,Asif,Hamza,AI,KHI,1975-03-17,79,21,99,3,78
900,Asif,Hamza,ML,KHI,1975-10-25,90,92,18,95,92
901,Ali,Junaid,DS,LHR,1974-10-19,54,29,49,83,33
902,Ali,Junaid,DS,,2008-04-05,92,67,73,59,28
903,Hamza,Asif,Blockchain,ISL,1996-06-13,84,71,89,88,94
904,Ali,Hamza,AI,KHI,1997-06-12,93,45,95,18,45
905,Ali,Ali,AI,,2011-02-23,19,70,72,81,31
906,Hamza,Asif,ML,LHR,2001-09-18,7,14,77,57,86
907,Hamza,Asif,ML,KHI,1979-07-01,17,93,79,59,43
908,Ali,Junaid,ML,ISL,1963-07-30,35,45,35,59,65
909,Hamza,Junaid,DS,KHI,1969-05-10,62,84,66,17,45
910,Hamza,Junaid,ML,LHR,1966-04-08,63,55,96,20,39
911,Asif,Ali,ML,ISL,1967-10-06,49,9,89,1,58
912,Hamza,Junaid,ML,KHI,1982-09-27,23,67,56,79,86
913,Ali,Hamza,DS,KHI,1953-08-02,50,19,64,27,65
914,Hamza,Junaid,DS,,1952-07-03,87,41,83,47,72
915,Ali,Ali,AI,ISL,1950-05-10,79,32,58,85,74
916,Hamza,Hamza,Blockchain,,2001-09-07,27,26,44,98,75
917,Hamza,Asif,DS,,2013-03-09,75,88,97,71,54
918,Junaid,Junaid,AI,KHI,1955-02-13,93,4,16,4,8
919,Junaid,Asif,ML,ISL,2014-11-09,80,80,81,90,15
920,Hamza,Junaid,ML,KHI,1976-06-21,1,1,48,56,74
921,Asif,Junaid,AI,KHI,2002-11-11,39,8,60,15,3
922,Hamza,Junaid,ML,KHI,1970-08-09,39,99,4,82,5
923,Junaid,Asif,ML,LHR,1959-07-22,36,45,15,66,59
924,Ali,Hamza,Blockchain,KHI,1978-08-03,84,58,35,47,21
925,Ali,Asif,Blockchain,KHI,1984-11-03,32,3,57,5,91
926,Ali,Junaid,Blockchain,LHR,1957-04-23,83,45,44,32,11
927,Asif,Hamza,AI,LHR,2000-06-15,35,11,20,58,89
928,Asif,Hamza,DS,ISL,1966-06-27,79,23,16,23,86
929,Asif,Junaid,AI,,1988-01-02,42,86,33,34,53
930,Asif,Ali,ML,KHI,1993-09-18,53,52,37,35,82
931,Ali,Asif,Blockchain,,2011-11-02,77,15,48,98,42
932,Junaid,Asif,AI,LHR,1978-05-14,52,44,59,86,29
933,Hamza,Hamza,AI,LHR,1959-03-02,91,9,78,55,56
934,Ali,Asif,ML,KHI,1983-09-29,27,11,33,44,99
935,Junaid,Junaid,DS,,2008-03-17,87,99,40,89,39
936,Hamza,Ali,ML,LHR,1990-07-18,20,3,59,8,52
937,Ali,Ali,Blockchain,KHI,1997-06-09,8,95,29,45,97
938,Junaid,Junaid,Blockchain,ISL,1984-04-16,60,27,50,62,20
939,Ali,Ali,Blockchain,ISL,1967-06-25,74,84,11,57,95
940,Hamza,Hamza,DS,LHR,1956-08-10,74,62,57,6,6
941,Asif,Ali,Blockchain,ISL,1983-08-07,92,21,87,25,55
942,Ali,Asif,DS,KHI,1999-02-04,10,18,7,29,83
943,Hamza,Asif,Blockchain,,2003-02-14,67,61,92,65,83
944,Asif,Hamza,ML,KHI,1993-06-29,42,41,81,26,76
945,Ali,Asif,Blockchain,ISL,2012-11-25,34,45,16,64,4
946,Ali,Hamza,DS,LHR,2007-09-13,54,83,94,40,46
947,Asif,Ali,Blockchain,ISL,2003-07-30,58,68,78,64,46
948,Asif,Hamza,AI,,1957-11-23,80,77,55,49,54
949,Hamza,Hamza,ML,,1980-07-24,21,28,52,66,95
950,Asif,Ali,ML,KHI,1983-05-03,44,28,85,86,22
951,Ali,Junaid,AI,KHI,1950-05-20,18,84,51,43,99
952,Asif,Junaid,AI,ISL,2004-01-15,66,38,53,42,38
953,Junaid,Hamza,DS,ISL,1965-03-19,28,96,93,5,2
954,Junaid,Hamza,Blockchain,KHI,1952-06-08,66,7,43,42,58
955,Asif,Ali,AI,LHR,2006-11-04,89,65,12,9,22
956,Asif,Hamza,ML,ISL,1973-02-04,26,66,1,34,7
957,Hamza,Ali,Blockchain,LHR,1973-08-25,31,89,39,99,24
958,Junaid,Ali,AI,KHI,1965-02-25,9,63,25,40,83
959,Hamza,Asif,AI,,1985-08-08,75,96,91,30,59
960,Ali,Ali,ML,ISL,1984-06-05,8,36,3,64,28
961,Ali,Junaid,Blockchain,,1969-10-27,45,30,66,53,98
962,Junaid,Asif,AI,ISL,1953-07-05,8,42,87,68,47
963,Asif,Ali,AI,KHI,1979-03-16,57,90,38,7,40
964,Hamza,Ali,AI,ISL,2009-06-30,42,60,66,33,25
965,Hamza,Hamza,AI,KHI,1962-09-04,94,38,56,33,66
966,Hamza,Ali,ML,,1955-01-16,34,70,27,56,70
967,Hamza,Ali,AI,KHI,1977-05-16,30,98,48,40,38
968,Hamza,Hamza,DS,KHI,1981-11-28,70,79,95,29,96
969,Hamza,Asif,AI,LHR,1968-04-07,27,63,34,19,24
970,Ali,Hamza,DS,KHI,1976-08-02,1,38,90,10,38
971,Ali,Ali,Blockchain,,2006-02-12,83,83,26,78,8
972,Asif,Junaid,AI,LHR,1959-02-03,44,59,44,93,30
973,Hamza,Hamza,Blockchain,LHR,2009-09-16,54,81,52,61,76
974,Junaid,Asif,Blockchain,,1961-08-15,47,82,22,5,77
975,Hamza,Ali,DS,,2004-09-08,30,77,32,60,50
976,Asif,Hamza,Blockchain,KHI,1981-03-11,47,72,78,20,77
977,Ali,Asif,AI,,2008-06-23,44,86,87,65,91
978,Ali,Ali,DS,,1961-10-07,63,97,24,64,23
979,Asif,Ali,DS,,1996-07-29,22,84,71,19,54
980,Junaid,Junaid,Blockchain,,2013-03-22,69,12,40,71,89
981,Junaid,Junaid,Blockchain,,2004-09-07,82,5,34,12,2
982,Hamza,Asif,AI,,2014-05-05,58,12,24,6,43
983,Hamza,Junaid,DS,ISL,1989-05-15,34,17,7,68,18
984,Junaid,Ali,AI,ISL,1980-07-04,39,11,70,60,14
985,Ali,Junaid,Blockchain,ISL,1996-05-07,92,90,57,7,76
986,Junaid,Junaid,ML,,1998-08-02,34,35,88,26,45
987,Junaid,Hamza,AI,LHR,1995-02-08,94,98,93,86,62
988,Asif,Asif,AI,LHR,1975-10-28,25,77,74,87,58
989,Ali,Ali,Blockchain,ISL,1990-06-28,87,85,42,2,19
990,Hamza,Ali,AI,,2006-05-19,33,25,54,4,67
991,Hamza,Ali,AI,KHI,2001-09-06,19,55,72,9,98
992,Hamza,Hamza,AI,KHI,1979-01-12,27,19,47,61,75
993,Junaid,Ali,Blockchain,,1987-03-12,85,26,40,75,56
994,Hamza,Junaid,DS,,1958-09-04,7,73,39,94,98
995,Ali,Junaid,DS,LHR,1992-07-21,41,35,6,68,31
996,Hamza,Junaid,AI,,1959-06-30,18,49,54,31,88
997,Ali,Asif,DS,KHI,1976-11-11,54,82,9,54,41
998,Asif,Hamza,AI,,1983-04-05,91,5,90,96,12
999,Ali,Hamza,AI,ISL,1996-11-20,88,7,78,79,50
1000,Junaid,Hamza,DS,ISL,1962-07-29,50,61,80,26,68
